CdsCod,AdCod,n°iscritti,n°passati,Tasso_superamento,voto_medio
E3401Q,E3401Q055,49,1,0.02,26
E3002Q,E3002Q006,77,6,0.08,28.33
I0301D,I0301D001,70,10,0.14,21.5
I0302D,I0302D001,67,10,0.15,21
E3401Q,E3401Q038,81,12,0.15,22.58
F1601M,F1601M055,78,12,0.15,26
E4102B,E4102B002,144,25,0.17,23.84
E3101Q,E3101Q101,405,74,0.18,20.86
E3101Q,E3101Q104,555,105,0.19,21.6
I0302D,I0302D003,83,16,0.19,22.44
E3201Q,E3201Q001,123,25,0.2,23.16
E3002Q,E3002Q032,127,25,0.2,23.28
E3501Q,E3501Q003,117,23,0.2,25.22
F7601M,F7601M051,56,11,0.2,26.55
F1601M,F1601M063,40,8,0.2,27
F7501Q,F7501Q004,76,16,0.21,28.94
E4101B,E4101B002,204,45,0.22,22.96
E3002Q,E3002Q033,116,25,0.22,25.52
E4102B,E4102B067,214,47,0.22,25.89
E2001R,E2001R059,52,12,0.23,26.67
E3401Q,E3401Q051,96,23,0.24,25.52
E1601N,E1601N020,344,87,0.25,20.98
E4102B,E4102B005,264,65,0.25,22.91
E3401Q,E3401Q036,92,23,0.25,26.87
E3002Q,E3002Q034,35,9,0.26,23.11
E1803M,E1803M047,552,143,0.26,23.56
E3201Q,E3201Q073,42,11,0.26,26.73
H4601D,H4601D016,66,17,0.26,28.35
E4101B,E4101B001,315,86,0.27,22.12
F8204B,F8204B002,63,17,0.27,25.94
E2701Q,E2701Q036,100,27,0.27,26.41
I0101D,I0101D011,307,83,0.27,27.42
I0301D,I0301D003,75,21,0.28,20.86
I0303D,I0303D001,53,15,0.28,23.93
E3002Q,E3002Q011,57,16,0.28,24.13
E3401Q,E3401Q004,171,48,0.28,24.35
E3301M,E3301M131,299,87,0.29,21.74
E4001N,E4001N015,257,74,0.29,25.93
I0101D,I0101D004,437,130,0.3,21.18
E2702Q,E2702Q089,121,38,0.31,26.74
E3401Q,E3401Q001,188,61,0.32,22.67
E3901N,E3901N028,192,61,0.32,23.74
E2701Q,E2701Q046,31,10,0.32,25.9
E4101B,E4101B003,182,58,0.32,25.93
E1803M,E1803M037,147,49,0.33,22.9
E3201Q,E3201Q092,69,23,0.33,26.09
F9201P,F9201P200,51,17,0.33,28.29
E3201Q,E3201Q067,111,38,0.34,22.45
E3001Q,E3001Q055,38,13,0.34,23.08
E3401Q,E3401Q013,156,53,0.34,23.09
F1601M,F1601M056,93,32,0.34,24.22
G8501R,G8501R012,457,155,0.34,24.5
E2701Q,E2701Q045,47,16,0.34,26.75
E1801M,E1801M039,330,117,0.35,23.39
E3002Q,E3002Q028,85,30,0.35,26.57
E2701Q,E2701Q037,37,13,0.35,27.08
E1801M,E1801M032,408,145,0.36,22.06
E4102B,E4102B001,125,45,0.36,24.11
E3201Q,E3201Q106,73,26,0.36,25.31
F7702M,F7702M057,230,86,0.37,21.7
I0302D,I0302D009,54,20,0.37,25
F7601M,F7601M052,92,34,0.37,26
E3501Q,E3501Q023,70,26,0.37,26.27
E1401A,E1401A078,359,135,0.38,23.33
E1802M,E1802M007,496,189,0.38,24.31
E1803M,E1803M041,317,121,0.38,24.79
E3401Q,E3401Q002,93,35,0.38,25.03
E1802M,E1802M033,183,70,0.38,25.24
F7601M,F7601M075,42,16,0.38,25.31
E2701Q,E2701Q034,132,50,0.38,25.4
H4101D,H4101D253,297,113,0.38,26.81
E4001N,E4001N047,314,118,0.38,26.89
F0601Q,F0601Q073,65,25,0.38,28.56
E3901N,E3901N003,179,69,0.39,22.03
I0302D,I0302D002,61,24,0.39,22.42
E1301Q,E1301Q011,190,75,0.39,24.41
E1803M,E1803M058,95,37,0.39,25.16
E4101B,E4101B006,142,56,0.39,25.64
E3401Q,E3401Q039,151,59,0.39,25.86
E3002Q,E3002Q030,49,19,0.39,26.16
E4102B,E4102B004,77,31,0.4,
E1401A,E1401A015,231,93,0.4,22.58
E3301M,E3301M192,289,115,0.4,23.97
E2701Q,E2701Q002,60,24,0.4,24.96
E2004P,E2004P008,135,54,0.4,26.15
E1501N,E1501N054,58,23,0.4,26.3
E4101B,E4101B023,131,54,0.41,23.8
E1802M,E1802M119,166,68,0.41,23.9
E3401Q,E3401Q044,75,31,0.41,26.23
E1803M,E1803M048,142,60,0.42,24.42
581,A5810031,72,30,0.42,25.23
I0302D,I0302D005,31,13,0.42,25.85
E3201Q,E3201Q076,76,32,0.42,26.97
E1301Q,E1301Q072,97,41,0.42,28.22
E3001Q,E3001Q054,68,29,0.43,23.1
E1401A,E1401A005,306,133,0.43,23.39
E3001Q,E3001Q038,270,115,0.43,23.49
E4102B,E4102B009,72,31,0.43,24.06
E2702Q,E2702Q082,150,64,0.43,25.16
F7702M,F5102P017,114,49,0.43,26.55
F0802Q,F0802Q050,56,24,0.43,29
E3101Q,E3101Q129,80,35,0.44,21.91
I0301D,I0301D002,59,26,0.44,22
F9201P,F9201P009,52,23,0.44,24.57
E3001Q,E3001Q046,126,56,0.44,26.71
F7601M,F7601M058,36,16,0.44,28.5
I0302D,LING,42,19,0.45,
I0101D,I0101D001,579,258,0.45,23.63
E1401A,E1401A085,139,63,0.45,24.87
E1301Q,E1301Q007,187,85,0.45,25.58
E2004P,E2004P013,99,45,0.45,26.02
E2401P,E2401P007,538,244,0.45,26.2
H4101D,H4101D040,257,116,0.45,27.22
E3301M,E3301M128,414,190,0.46,23.74
I0303D,I0303D003,52,24,0.46,24.63
F8204B,F8204B005,57,26,0.46,25.31
E2701Q,E2701Q001,83,38,0.46,25.61
E3501Q,E3501Q064,39,18,0.46,25.78
E3101Q,E3101Q103,507,233,0.46,26.03
H4101D,H4101D021,215,98,0.46,26.78
581,A5810042,83,38,0.46,27
F5102P,F5102P017,96,44,0.46,27.32
E2702Q,E2702Q009,134,61,0.46,27.46
H4101D,H4101D039,291,135,0.46,27.62
E3201Q,E3201Q040,78,37,0.47,24.14
E4102B,E4102B006,93,44,0.47,24.73
E3001Q,E3001Q040,184,87,0.47,25.43
E3501Q,E3501Q004,81,38,0.47,25.89
F7701M,F7701M080,290,137,0.47,26.21
581,A5810070,68,32,0.47,26.88
581,A5810018,251,119,0.47,27.03
F0601Q,F0601Q077,90,42,0.47,27.07
E3101Q,E3101Q122,85,40,0.47,27.78
E1301Q,E0201Q065,99,48,0.48,24.33
E3201Q,E3201Q091,60,29,0.48,24.59
E1803M,E1803M051,275,132,0.48,24.74
E4102B,E4102B081,64,31,0.48,25.55
E2702Q,E2702Q092,84,40,0.48,26.13
E1901R,E1901R037,64,31,0.48,26.61
I0102D,I0102D013,33,16,0.48,26.69
E3001Q,E3001Q042,191,92,0.48,27.84
E0201Q,E0201Q059,148,73,0.49,23.41
E4101B,E4101B020,99,49,0.49,23.73
H4601D,H4601D001,47,23,0.49,24.7
F7702M,F7702M044,194,96,0.49,25.34
E3501Q,E3501Q051,103,50,0.49,25.44
E4101B,E4101B014,109,53,0.49,25.98
E1301Q,E1301Q068,57,28,0.49,26.29
581,A5810011,197,97,0.49,27.23
F5401Q,F5401Q027,45,22,0.49,27.91
E3101Q,E3101Q131,59,29,0.49,28.14
E3101Q,E3101Q100,304,151,0.5,20.65
E3301M,E3301M159,107,53,0.5,22.34
E1601N,E1601N049,190,95,0.5,23.92
I0101D,I0101D009,417,209,0.5,23.92
E4001N,E4001N050,138,69,0.5,24.51
I0102D,I0102D004,46,23,0.5,24.91
E1803M,E1803M060,92,46,0.5,25.04
581,A5810019,517,258,0.5,25.19
E2401P,E2401P109,56,28,0.5,26.14
F0802Q,F0802Q059,36,18,0.5,27.33
F5301Q,F5301Q024,36,18,0.5,28.11
E4101B,E4101B004,75,38,0.51,
I0101D,LING,376,193,0.51,
E1601N,E1601N002,259,133,0.51,24.05
E4101B,E4101B005,210,107,0.51,24.23
E1802M,E3301M148,94,48,0.51,24.73
E1401A,E1401A040,39,20,0.51,24.85
I0201D,I0201D100,109,56,0.51,24.88
581,A5810130,247,125,0.51,25.1
E2004P,E2004P004,191,98,0.51,25.71
E3201Q,E3201Q069,112,57,0.51,25.75
E2004P,E2004P044,172,87,0.51,26.16
581,A5810017,352,178,0.51,26.6
E2701Q,E2701Q013,39,20,0.51,26.95
F4901N,F4901N009,86,44,0.51,27.2
F7702M,F7702M002,180,94,0.52,
E2001R,E2001R004,263,136,0.52,23.57
I0201D,I0201D121,101,53,0.52,24.58
E3301M,E3301M182,121,63,0.52,25.19
E3401Q,E3401Q052,33,17,0.52,26
E3001Q,E3001Q057,105,55,0.52,26.27
581,A5810012,248,130,0.52,26.9
581,A5810135,61,32,0.52,27.84
F0802Q,F0802Q051,86,45,0.52,27.93
F8203B,F8203B030,33,17,0.52,28.53
F5102P,F5102P005,129,67,0.52,28.58
F0901D,F0901D029,48,25,0.52,29.2
F1601M,F1601M042,106,56,0.53,
I0302D,I0302D011,47,25,0.53,24.2
E0201Q,E0201Q001,268,141,0.53,24.54
E1601N,E1601N009,162,86,0.53,24.77
E3001Q,E3001Q003,292,154,0.53,25.17
I0101D,I0101D006,337,177,0.53,25.2
E1802M,E3301M138,36,19,0.53,25.26
F5103P,F5103P072,152,81,0.53,26.11
E1803M,E1803M049,302,159,0.53,26.19
E3201Q,E3201Q074,88,47,0.53,26.36
E1802M,E1802M117,231,123,0.53,26.41
E3001Q,E3001Q043,233,124,0.53,26.63
F0802Q,F0802Q039,47,25,0.53,27.08
F5104P,F5104P010,55,29,0.53,27.31
581,A5810056,66,35,0.53,27.6
581,A5810046,94,50,0.53,27.86
K0101D,K0101D014,39,21,0.54,
E4101B,E4101B008,165,89,0.54,23.82
G8501R,G8501R004,347,186,0.54,23.93
E4001N,E4001N059,46,25,0.54,24.8
E3501Q,E3501Q062,41,22,0.54,25.32
I0101D,I0101D012,304,163,0.54,25.45
E1803M,E1803M101,288,155,0.54,25.79
581,A5810228,431,231,0.54,26.48
G8501R,G8501R037,459,248,0.54,27.08
E2701Q,E2701Q035,74,41,0.55,23.61
E1601N,E1601N003,256,142,0.55,24.09
E4101B,E4101B038,77,42,0.55,25.33
E3002Q,E3002Q008,56,31,0.55,25.35
581,A5810014,332,183,0.55,25.71
E3501Q,E3501Q065,78,43,0.55,26.12
E4101B,E4101B013,91,50,0.55,26.6
581,A5810006,304,168,0.55,26.68
E1802M,E1802M126,31,17,0.55,27.18
E3401Q,E3401Q017,55,30,0.55,27.27
G8501R,G8501R005,359,196,0.55,27.83
E2702Q,E2702Q045,73,40,0.55,28.33
E1801M,E1801M048,266,148,0.56,23.8
E1501N,E1501N001,203,113,0.56,24.4
E2401P,E2401P001,624,351,0.56,24.82
F7601M,F7601M050,61,34,0.56,25.18
581,A5810227,520,291,0.56,25.3
I0302D,I0302D008,43,24,0.56,25.5
581,A5810015,374,208,0.56,26.26
E3501Q,E3501Q010,39,22,0.56,26.36
E1301Q,E1301Q009,325,183,0.56,26.42
F5102P,F5102P003,80,45,0.56,26.44
E1301Q,E1301Q059,52,29,0.56,26.66
F0901D,F0901D039,39,22,0.56,27.18
F8203B,F8203B006,34,19,0.56,27.32
F8501R,F8501R001,261,146,0.56,27.71
F0901D,F0901D034,48,27,0.56,27.85
F5102P,F5102P014,32,18,0.56,29.06
E4001N,E4001N009,309,177,0.57,22.58
E1803M,E1803M050,264,150,0.57,23.64
E3002Q,E3002Q002,70,40,0.57,24.33
E1801M,E1801M033,276,157,0.57,24.57
E3301M,E3301M097,397,226,0.57,24.66
E1501N,E1501N065,179,102,0.57,24.81
E4001N,E4001N053,214,121,0.57,24.92
E1401A,E1401A007,121,69,0.57,25.12
G8501R,G8501R036,336,191,0.57,25.18
I0101D,I0101D016,351,199,0.57,25.41
E1801M,E1801M052,239,136,0.57,25.53
E3001Q,E3001Q036,247,141,0.57,26.32
E2701Q,E2701Q044,44,25,0.57,26.48
F5104P,F5104P005,214,123,0.57,26.86
E1901R,E1901R004,463,265,0.57,26.97
F1801Q,F1801Q132,137,78,0.57,27.01
H4101D,H4101D013,207,118,0.57,28.58
F0601Q,F0601Q067,60,34,0.57,29.09
I0202D,I0202D101,50,29,0.58,20.93
I0101D,I0101D015,332,193,0.58,22.95
E0201Q,E0201Q053,142,83,0.58,23.72
E3101Q,E3101Q110,364,211,0.58,24.09
E1801M,E1801M028,419,242,0.58,24.49
E1801M,E1801M030,254,148,0.58,25.16
E3301M,E3301M148,125,73,0.58,25.19
E1401A,E1401A019,33,19,0.58,25.47
I0102D,I0102D001,50,29,0.58,25.76
581,A5810229,387,225,0.58,25.97
E1301Q,E1301Q010,198,115,0.58,26.24
F5104P,F5104P003,296,172,0.58,26.34
E3301M,E3301M111,227,132,0.58,26.79
F5701R,F5701R009,179,104,0.58,26.83
F0901D,F0901D046,48,28,0.58,27
E4101B,E4101B040,103,60,0.58,27.52
F0101R,F0101R002,65,38,0.58,27.71
E2401P,E2401P118,96,56,0.58,27.79
F1801Q,F1801Q134,106,62,0.58,29.21
E1803M,E1803M057,297,176,0.59,22.26
E3001Q,E3001Q067,68,40,0.59,25.8
F7601M,F7601M054,34,20,0.59,26.1
E1301Q,E1301Q067,100,59,0.59,26.39
E1401A,E1401A074,314,185,0.59,26.78
E2701Q,E2701Q042,39,23,0.59,26.87
E1301Q,E1301Q055,140,82,0.59,26.99
E2401P,E2401P013,488,288,0.59,27.11
E1401A,E1401A087,97,57,0.59,28.05
F5401Q,F5401Q019,32,19,0.59,28.37
581,A5810093,51,30,0.59,28.6
H4601D,H4601D033,40,24,0.6,
E0201Q,E0201Q050,86,52,0.6,22.63
E2001R,E2001R002,221,132,0.6,23.84
E1803M,E1803M081,239,144,0.6,24.08
E1401A,E1401A077,238,143,0.6,24.26
E3001Q,E3001Q035,229,138,0.6,24.41
G8501R,G8501R023,262,158,0.6,24.63
E1802M,E1802M034,292,174,0.6,24.74
E2702Q,E2702Q001,108,65,0.6,24.74
I0101D,I0101D901,392,235,0.6,24.9
F7701M,F7701M082,252,150,0.6,25.15
581,A5810007,342,204,0.6,25.49
E1802M,E1802M123,257,155,0.6,26.45
F9201P,F9201P100,63,38,0.6,27.34
581,A5810082,86,52,0.6,27.48
E0201Q,E0201Q075,43,26,0.6,27.81
F5101P,F5101P139,194,116,0.6,27.9
H4101D,H4101D018,189,113,0.6,28.44
E1601N,E1601N008,327,201,0.61,24.96
581,A5810003,493,299,0.61,25.51
E1802M,E1802M130,109,66,0.61,25.59
E2001R,E2001R055,62,38,0.61,26.5
E2702Q,E2702Q085,80,49,0.61,26.98
F8204B,F8204B003,56,34,0.61,27.53
F5102P,F5102P002,117,71,0.61,27.56
E3301M,E3301M218,191,119,0.62,
F7701M,F7701M002,260,160,0.62,
F9201P,F9201P004,79,49,0.62,24.06
I0202D,I0202D121,47,29,0.62,24.24
I0202D,I0202D005,42,26,0.62,25.04
I0101D,I0101D007,403,250,0.62,25.26
E1401A,E1401A008,119,74,0.62,25.62
F4901N,F4901N001,45,28,0.62,26.36
E1901R,E1901R017,109,68,0.62,26.9
E2004P,E2004P038,143,89,0.62,26.91
I0102D,I0102D903,45,28,0.62,26.93
E1401A,E1401A084,177,110,0.62,27.14
I0301D,I0301D031,37,23,0.62,27.39
F5401Q,F5401Q018,45,28,0.62,27.5
E2004P,E2004P026,130,81,0.62,27.6
F7501Q,F7501Q046,37,23,0.62,28.74
F7702M,F7702M023,118,74,0.63,
I0201D,I0201D101,93,59,0.63,20.98
E1802M,E1802M115,176,110,0.63,23.02
E2001R,E2001R037,244,154,0.63,23.14
E1802M,E1802M129,312,198,0.63,23.71
E0201Q,E0201Q055,38,24,0.63,23.96
E1401A,E1401A080,102,64,0.63,24.27
E1401A,E1401A017,135,85,0.63,24.92
E1801M,E2004P029,41,26,0.63,25.19
E2401P,E2401P010,499,314,0.63,25.26
E4101B,E4101B009,80,50,0.63,25.3
E3501Q,E3501Q008,32,20,0.63,25.55
F0601Q,F0601Q050,68,43,0.63,25.86
E2004P,E2004P007,142,90,0.63,25.9
E3401Q,E3401Q046,84,53,0.63,26.04
E1301Q,E1301Q069,84,53,0.63,26.34
E1901R,E1901R093,726,454,0.63,26.5
E3101Q,E3101Q113,249,156,0.63,26.69
F5701R,F5701R002,174,110,0.63,26.69
E2401P,E2401P101,536,340,0.63,26.99
E2001R,E2001R040,51,32,0.63,27.06
H4101D,H4101D002,207,130,0.63,27.35
F0601Q,F0601Q047,40,25,0.63,27.36
E3501Q,E3501Q012,38,24,0.63,27.75
F1801Q,F1801Q110,43,27,0.63,27.78
F5701R,F5701R003,129,81,0.63,28.69
581,A5810134,70,44,0.63,28.98
F0601Q,F0601Q070,32,20,0.63,29.45
E3201Q,E3201Q107,124,79,0.64,24.03
F7702M,F7702M043,165,105,0.64,25.83
581,A5810043,150,96,0.64,27.07
581,A5810133,64,41,0.64,27.61
H4101D,H4101D004,179,115,0.64,27.97
F8203B,F8203B005,36,23,0.64,28.22
H4101D,H4101D033,185,119,0.64,28.42
F0101R,F0101R006,47,30,0.64,28.97
G8501R,G8501R006,426,277,0.65,23.09
E4101B,E4101B025,60,39,0.65,24.28
E1901R,E1901R019,215,139,0.65,24.5
F7401Q,F7401Q001,43,28,0.65,24.5
E3301M,E3301M138,80,52,0.65,24.75
F8203B,F8203B003,43,28,0.65,24.82
E1601N,E1601N006,362,234,0.65,24.92
E2401P,E2401P012,508,329,0.65,25.19
E3301M,E3301M181,77,50,0.65,25.26
I0102D,I0102D007,46,30,0.65,25.27
E4102B,E4102B054,95,62,0.65,25.37
E1803M,E1803M038,350,229,0.65,25.77
E3002Q,E3002Q027,34,22,0.65,25.86
581,A5810136,77,50,0.65,26.54
E4001N,E4001N068,173,112,0.65,26.69
E3001Q,E3001Q012,247,161,0.65,27.09
I0102D,I0102D902,49,32,0.65,27.13
F5602M,F5602M001,31,20,0.65,27.15
581,A5810039,163,106,0.65,27.66
F7701M,F7701M027,65,42,0.65,28.45
G8501R,G8501R026,659,436,0.66,
I0301D,I0301D007,35,23,0.66,23.74
E1801M,E2004P038,38,25,0.66,23.88
E1401A,E1401A076,243,161,0.66,24.91
E1401A,E1401A014,123,81,0.66,25.16
E2701Q,E2701Q012,61,40,0.66,25.58
G8501R,G8501R017,374,247,0.66,25.6
E1501N,E1501N051,263,174,0.66,25.8
E3301M,E3301M195,284,188,0.66,26.01
E3101Q,E3101Q127,269,178,0.66,26.11
F5102P,F5102P006,134,88,0.66,26.27
F6302N,F6302N001,121,80,0.66,26.38
E2401P,E2401P035,101,67,0.66,26.45
E2401P,E2401P008,440,292,0.66,26.6
F8501R,F8501R056,208,138,0.66,26.75
I0302D,I0302D015,35,23,0.66,26.96
H4101D,H4101D022,179,119,0.66,27.15
F0802Q,F0802Q041,82,54,0.66,27.17
H4101D,H4101D038,202,133,0.66,27.28
F7701M,F7701M077,139,92,0.66,27.65
581,A5810132,205,135,0.66,28.29
H4101D,H4101D014,176,117,0.66,28.49
F9201P,F9201P011,64,43,0.67,
E3401Q,E3401Q042,52,35,0.67,23.31
E1501N,E1501N014,147,98,0.67,23.76
E1801M,E1801M050,107,72,0.67,24.44
E1501N,E1501N080,48,32,0.67,24.47
E4101B,E4101B017,179,120,0.67,24.49
E3101Q,E3101Q118,42,28,0.67,25.39
581,A5810126,43,29,0.67,26
H4101D,H4101D252,192,129,0.67,26.21
E3301M,E3301M193,211,142,0.67,26.24
E2004P,E2004P039,66,44,0.67,26.27
E1901R,E1901R005,680,458,0.67,26.35
E2702Q,E2702Q004,76,51,0.67,26.37
E0201Q,E0201Q065,126,84,0.67,27.1
E2702Q,E2702Q101,73,49,0.67,27.57
F5104P,F5104P001,249,168,0.67,27.74
F1801Q,F1801Q123,58,39,0.67,28
F5103P,F5103P005,102,68,0.67,28.28
F5102P,F5102P012,98,66,0.67,28.74
F9201P,F9201P028,45,30,0.67,30
E1601N,E1601N043,116,79,0.68,23.63
E1802M,E1802M031,422,286,0.68,23.95
E2001R,E2001R051,77,52,0.68,24.12
E1803M,E1803M046,339,229,0.68,24.75
E3401Q,E3401Q053,31,21,0.68,25.43
E4102B,E4102B064,57,39,0.68,25.51
E0201Q,E0201Q073,37,25,0.68,26.12
E2001R,E2001R039,56,38,0.68,26.39
I0302D,I0302D019,34,23,0.68,26.65
G8501R,G8501R041,404,275,0.68,26.69
E2401P,E2004P013,87,59,0.68,26.83
E1301Q,E1301Q060,44,30,0.68,27.2
G8501R,G8501R024,224,153,0.68,27.42
F5101P,F5101P137,185,126,0.68,27.6
F8501R,F8501R010,65,44,0.68,27.89
F1601M,F1601M058,81,55,0.68,27.91
F8501R,F8501R009,196,133,0.68,27.95
581,A5810049,38,26,0.68,28.35
581,A5810062,96,65,0.68,28.58
F0101R,F0101R012,72,49,0.68,29.18
E3101Q,E3101Q117,31,21,0.68,29.67
I0101D,I0101D025,316,218,0.69,23.36
E3401Q,E1301Q062,39,27,0.69,23.85
I0302D,I0302D007,35,24,0.69,24.08
E1501N,E1501N007,204,141,0.69,24.3
E1801M,E1801M051,276,190,0.69,24.41
E1801M,E1801M004,400,275,0.69,24.73
E1501N,E1501N053,161,111,0.69,25.03
E1802M,E1802M116,303,210,0.69,25.31
E2401P,E2401P004,558,387,0.69,25.52
E4102B,E4102B080,48,33,0.69,25.55
I0101D,I0101D018,296,203,0.69,25.75
E3001Q,E3001Q033,119,82,0.69,25.83
F5104P,F5104P002,287,197,0.69,25.89
E4001N,E4001N055,125,86,0.69,25.9
E1802M,E1802M006,248,170,0.69,26.32
G8501R,G8501R001,321,222,0.69,26.45
F1601M,F1601M084,75,52,0.69,26.5
E3001Q,E3001Q037,257,177,0.69,26.69
F7401Q,F7401Q005,35,24,0.69,27.29
E4001N,E4001N069,54,37,0.69,27.43
E3001Q,E3001Q068,52,36,0.69,27.81
F0901D,F0901D025,39,27,0.69,28.67
F5102P,F5102P022,42,29,0.69,29.03
F5602M,F5602M008,36,25,0.69,29.08
F0802Q,F0802Q054,71,49,0.69,29.43
E1801M,E1801M018,285,199,0.7,
E1803M,E1803M017,176,123,0.7,
F7601M,F7601M076,50,35,0.7,
E1501N,E1501N076,137,96,0.7,22.61
E3401Q,E3401Q040,106,74,0.7,23.51
E1401A,E1401A009,96,67,0.7,23.97
I0202D,I0202D118,33,23,0.7,24.52
K0101D,K0101D002,40,28,0.7,24.61
I0101D,I0101D017,270,189,0.7,24.71
E1801M,E1801M046,205,144,0.7,24.84
E1901R,E1901R010,423,295,0.7,25.21
E1901R,E1901R107,527,369,0.7,26.07
F7601M,F7601M007,53,37,0.7,26.22
E1301Q,E1301Q064,90,63,0.7,26.25
E2401P,E2401P002,532,375,0.7,26.31
E1901R,E1901R021,194,135,0.7,26.47
F4901N,F4901N071,46,32,0.7,26.47
F5103P,F5103P003,109,76,0.7,26.61
E2701Q,E2701Q041,50,35,0.7,26.77
E1901R,E1901R009,244,172,0.7,26.8
581,A5810128,284,200,0.7,26.81
581,A5810010,291,203,0.7,27.33
H4101D,H4101D006,192,134,0.7,27.54
F5602M,F5602M003,38,27,0.71,24.7
E4001N,E4001N051,197,140,0.71,25.04
E1301Q,E1301Q057,104,74,0.71,25.23
E4001N,E4001N044,341,242,0.71,25.24
F8204B,F8204B004,69,49,0.71,25.82
E1901R,E1901R014,568,405,0.71,26.11
E4101B,E4101B037,62,44,0.71,26.23
E0201Q,E0201Q060,153,108,0.71,26.24
F7601M,F7601M011,68,48,0.71,26.33
E0201Q,E0201Q064,34,24,0.71,26.42
E2702Q,E2702Q003,79,56,0.71,26.57
F8501R,F8501R008,175,125,0.71,26.57
E0201Q,E0201Q051,104,74,0.71,26.8
F7702M,F7702M048,96,68,0.71,27.03
E2001R,E2001R058,31,22,0.71,27.14
H4101D,H4101D254,185,132,0.71,27.39
F9201P,F9201P202,35,25,0.71,27.48
F8204B,F8204B008,34,24,0.71,27.67
F8204B,F8204B011,66,47,0.71,27.83
E2004P,E2004P028,34,24,0.71,27.88
F4901N,F4901N004,49,35,0.71,27.89
E3901N,E3901N030,112,80,0.71,27.94
F0101R,F0101R001,52,37,0.71,28.19
F5401Q,F5401Q017,38,27,0.71,28.3
H4601D,H4601D015,34,24,0.71,28.33
F8501R,F8501R024,31,22,0.71,28.36
E3301M,E3301M180,253,181,0.72,24.63
F9201P,F9201P008,60,43,0.72,25.74
E3101Q,E3101Q130,146,105,0.72,25.79
E2001R,E2001R008,251,181,0.72,26.55
E3301M,E3301M150,46,33,0.72,26.58
E3001Q,E3001Q048,95,68,0.72,26.68
E1803M,E1801M042,36,26,0.72,26.69
E2001R,E2001R007,251,181,0.72,26.71
E0201Q,E0201Q005,185,133,0.72,26.77
E0201Q,E0201Q008,107,77,0.72,26.96
F7501Q,F7501Q076,36,26,0.72,27.42
581,A5810106,69,50,0.72,27.82
E1301Q,E1301Q063,148,107,0.72,27.92
581,A5810058,47,34,0.72,28.56
E2004P,E2004P025,118,85,0.72,29.19
E3301M,E3301M021,177,129,0.73,
E1601N,E1601N056,67,49,0.73,23.06
E3901N,E3901N031,60,44,0.73,24.93
G8501R,G8501R002,430,314,0.73,25.48
E2004P,E2004P006,127,93,0.73,25.91
I0102D,I0102D005,37,27,0.73,26.15
E3401Q,E3401Q047,60,44,0.73,26.5
F7701M,F7701M052,138,101,0.73,26.5
F0901D,F0901D040,44,32,0.73,26.56
E3401Q,E3401Q043,85,62,0.73,26.61
E2702Q,E2702Q099,63,46,0.73,26.76
F7702M,F7702M047,55,40,0.73,27.33
F9201P,F9201P025,60,44,0.73,27.48
G8501R,G8501R040,281,206,0.73,27.58
E2401P,E2401P028,59,43,0.73,27.98
581,A5810055,81,59,0.73,28.25
E3501Q,E3501Q053,37,27,0.73,28.33
581,A5810036,159,116,0.73,28.44
I0102D,I0102D012,33,24,0.73,28.5
E3201Q,E3201Q008,80,59,0.74,
E3101Q,E3101Q102,340,250,0.74,23.58
E1501N,E1501N005,244,180,0.74,24.11
E1401A,E1401A010,99,73,0.74,25.11
E3301M,E3301M143,35,26,0.74,25.15
I0101D,I0101D014,283,209,0.74,25.15
E1802M,E1802M131,127,94,0.74,25.28
F8701N,F8701N008,46,34,0.74,25.74
I0102D,I0102D016,43,32,0.74,25.97
E4102B,E4102B069,58,43,0.74,25.98
E1801M,E1801M031,392,290,0.74,26.07
E2004P,E2004P002,136,101,0.74,26.09
E2001R,E2001R006,143,106,0.74,26.64
E2001R,E2001R027,65,48,0.74,26.96
E1301Q,E1301Q062,141,104,0.74,27.14
F7601M,F7601M060,61,45,0.74,27.22
E0201Q,E0201Q054,89,66,0.74,27.35
E1901R,E1901R080,260,192,0.74,27.46
E2702Q,E2702Q097,68,50,0.74,27.46
F7601M,F7601M057,46,34,0.74,27.47
G8501R,G8501R039,359,267,0.74,27.51
F5602M,F5602M012,35,26,0.74,27.65
E1301Q,E1301Q015,74,55,0.74,27.75
F9201P,F9201P203,43,32,0.74,27.75
F0601Q,F0601Q052,35,26,0.74,27.81
H4101D,H4101D020,154,114,0.74,28.18
E1901R,E1901R109,292,215,0.74,28.48
581,A5810080,38,28,0.74,29.07
F7701M,F7701M105,140,104,0.74,29.43
E1501N,E1501N071,199,149,0.75,23.94
E2001R,E2001R052,55,41,0.75,24.12
E1802M,E1802M005,354,267,0.75,24.41
E1803M,E1803M100,214,160,0.75,25.13
E0201Q,E0201Q067,59,44,0.75,25.52
F7702M,F7702M042,92,69,0.75,25.59
E2004P,E2004P010,114,86,0.75,26.13
E1801M,E1801M005,302,226,0.75,26.31
E3501Q,E3501Q001,48,36,0.75,26.36
E0201Q,E0201Q046,164,123,0.75,26.49
I0102D,I0102D010,36,27,0.75,26.78
E2001R,E2001R029,196,147,0.75,26.99
F5104P,F5104P004,242,181,0.75,27.23
E1802M,E1802M030,213,159,0.75,27.26
F8701N,F8701N006,44,33,0.75,27.45
F8501R,F8501R011,129,97,0.75,27.85
F7701M,F7701M054,122,92,0.75,28.16
H4101D,H4101D029,130,98,0.75,28.35
581,A5810060,52,39,0.75,28.36
G8501R,G8501R021,348,262,0.75,28.5
K0101D,K0101D001,36,27,0.75,28.89
F7701M,F7701M101,141,106,0.75,28.98
E1802M,E1802M026,214,163,0.76,
E3201Q,E3201Q016,87,66,0.76,
K0101D,K0101D015,34,26,0.76,
E3401Q,E3401Q006,80,61,0.76,24.23
F6302N,F6302N022,76,58,0.76,24.36
F1601M,F1601M053,41,31,0.76,24.52
E4101B,E4101B019,33,25,0.76,24.88
E2001R,E2001R053,59,45,0.76,25.16
I0201D,I0201D110,71,54,0.76,25.22
E3301M,E3301M196,214,163,0.76,25.45
E1501N,E1501N079,187,142,0.76,25.89
F5701R,F5701R006,156,119,0.76,26.06
F8204B,F8204B001,51,39,0.76,26.33
E4102B,E4102B066,95,72,0.76,26.69
H4101D,H4101D256,161,122,0.76,26.83
E1901R,E1901R087,145,110,0.76,27.4
F5104P,F5104P011,41,31,0.76,27.45
F8501R,F8501R005,218,166,0.76,27.7
F5701R,F5701R023,131,100,0.76,27.98
F5102P,F5102P001,135,102,0.76,28.08
581,A5810032,193,147,0.76,28.15
F5104P,F5104P012,38,29,0.76,28.17
H4101D,H4101D019,169,129,0.76,28.32
F0601Q,F0601Q056,46,35,0.76,28.74
E2401P,E2401P026,205,155,0.76,28.82
H4101D,H4101D034,152,116,0.76,28.84
F5401Q,F5401Q034,75,57,0.76,28.86
E1901R,E1901R110,100,76,0.76,29.07
E1803M,E1803M033,153,118,0.77,23.33
E1801M,E1801M041,262,202,0.77,24.09
F5103P,F5103P066,84,65,0.77,24.91
E2001R,E2001R001,176,136,0.77,25.75
E1802M,E1802M118,162,125,0.77,26.11
E3201Q,E3201Q079,52,40,0.77,26.18
E1401A,E1401A025,31,24,0.77,26.83
F5104P,F5104P013,48,37,0.77,27.19
E1901R,E1901R034,164,126,0.77,27.78
F5101P,F5101P121,78,60,0.77,27.85
F1801Q,F1801Q129,60,46,0.77,27.93
581,A5810125,276,212,0.77,27.96
E0201Q,E0201Q052,116,89,0.77,28.16
F5102P,F5102P019,75,58,0.77,29.21
F8501R,F8501R002,64,49,0.77,29.35
F7601M,F7601M005,64,49,0.77,29.45
E1601N,E1601N010,112,87,0.78,23.8
E4101B,E4101B007,99,77,0.78,24.49
E1901R,E1901R013,536,417,0.78,24.69
E3002Q,E3002Q010,40,31,0.78,25.35
E2001R,E2001R014,196,152,0.78,25.54
I0202D,I0202D103,36,28,0.78,25.82
E4102B,E4102B063,55,43,0.78,25.84
E3301M,E3301M142,67,52,0.78,25.88
E1901R,E1901R111,98,76,0.78,26.05
E3901N,E3901N004,107,83,0.78,26.3
E2702Q,E2702Q075,76,59,0.78,26.46
E2401P,E2401P029,140,109,0.78,26.92
E2001R,E2001R005,184,143,0.78,27.17
E1901R,E1901R104,426,334,0.78,27.2
E1801M,E2001R005,64,50,0.78,27.58
F4901N,F4901N070,59,46,0.78,27.61
E4102B,E4102B079,32,25,0.78,27.64
F5602M,F5602M007,36,28,0.78,27.89
E2001R,E2001R024,183,143,0.78,27.9
F7501Q,F7501Q087,41,32,0.78,28.19
F5102P,F5102P020,32,25,0.78,28.32
F5103P,F5103P062,63,49,0.78,28.35
581,A5810131,32,25,0.78,28.48
F0901D,F0901D045,32,25,0.78,28.6
F5701R,F5701R011,141,110,0.78,28.7
F1601M,F1601M070,82,65,0.79,
E1803M,E1803M004,292,232,0.79,24.81
E3201Q,E3201Q066,68,54,0.79,25.15
E0201Q,E0201Q004,205,162,0.79,25.43
F6302N,F6302N014,38,30,0.79,26.07
E3201Q,E3201Q072,53,42,0.79,26.55
F6302N,F6302N006,84,66,0.79,26.85
G8501R,G8501R014,398,315,0.79,27.27
581,A5810029,174,138,0.79,27.49
G8501R,G8501R010,316,251,0.79,27.57
F7702M,F7702M055,159,126,0.79,27.66
F7501Q,F7501Q077,34,27,0.79,29.11
E2401P,E2401P076,52,41,0.79,29.24
F8701N,F8701N035,38,30,0.79,29.8
F7701M,F7701M070,174,140,0.8,
E4001N,E4001N014,331,266,0.8,22.38
I0101D,I0101D005,282,227,0.8,23.75
E3901N,E3901N006,104,83,0.8,24.27
E3501Q,E3501Q057,35,28,0.8,24.32
E3101Q,E3101Q108,234,187,0.8,25.69
E3301M,E3301M194,49,39,0.8,25.82
F8204B,F8204B020,35,28,0.8,25.89
E2001R,E2001R010,196,157,0.8,26.15
E3301M,E3301M152,56,45,0.8,26.22
E3001Q,E3001Q044,147,117,0.8,27.32
F8501R,F8501R021,87,70,0.8,27.46
F5103P,F5103P012,45,36,0.8,27.81
E2401P,E2401P022,151,121,0.8,27.83
E2004P,E2004P029,46,37,0.8,27.89
E0201Q,E0201Q012,127,101,0.8,28.03
E2001R,E2001R031,74,59,0.8,28.46
F7702M,F7702M046,139,111,0.8,28.52
H4101D,H4101D035,147,117,0.8,28.55
H4101D,H4101D027,90,72,0.8,28.61
581,A5810050,35,28,0.8,28.82
G8501R,G8501R013,336,268,0.8,28.85
H4101D,H4101D025,131,105,0.8,28.85
F5104P,F5104P006,113,90,0.8,29.11
F0802Q,F0802Q038,71,57,0.8,29.12
I0201D,I0201D115,63,51,0.81,23.47
E1301Q,E1301Q071,167,135,0.81,23.93
I0201D,I0201D122,67,54,0.81,25.09
E2401P,E2401P100,438,355,0.81,25.42
F5701R,F5701R005,126,102,0.81,25.56
F7701M,F7701M093,48,39,0.81,25.56
E3101Q,E3101Q112,251,204,0.81,25.9
E3301M,E3301M135,197,160,0.81,25.97
E2001R,E2001R009,227,185,0.81,26.02
E3901N,E3901N012,54,44,0.81,26.16
E0201Q,E0201Q049,118,95,0.81,26.28
E3101Q,E3101Q107,300,242,0.81,26.57
E1301Q,E1301Q066,54,44,0.81,26.75
E1801M,E1801M047,368,298,0.81,26.96
F7702M,F7702M058,139,112,0.81,26.97
E1901R,E1901R016,368,298,0.81,27.01
E1401A,E1401A086,129,104,0.81,27.02
E1803M,E1803M052,165,134,0.81,27.35
F5103P,F5103P010,69,56,0.81,27.5
581,A5810030,141,114,0.81,27.81
E4001N,E4001N056,105,85,0.81,27.95
F7501Q,F7501Q020,64,52,0.81,28.06
E1901R,E1901R002,635,515,0.81,28.12
G8501R,G8501R003,326,264,0.81,28.33
H4601D,H4601D014,31,25,0.81,28.36
K0101D,K0101D006,32,26,0.81,28.42
G8501R,G8501R019,319,258,0.81,28.79
F7502Q,F7502Q006,31,25,0.81,29
H4101D,H4101D037,126,102,0.81,29.13
581,A5810138,114,92,0.81,29.28
F0101R,F0101R004,32,26,0.81,29.35
E3401Q,E3401Q050,71,58,0.82,
H4101D,H4101D003,143,117,0.82,
H4101D,H4101D294,33,27,0.82,
E3002Q,E3002Q001,45,37,0.82,21.11
E1601N,E1601N004,166,136,0.82,22.35
I0201D,I0201D117,62,51,0.82,23.8
F5103P,F5103P002,105,86,0.82,24.53
E1803M,E1803M054,132,108,0.82,24.67
E3901N,E3901N013,101,83,0.82,25.4
E3001Q,E3001Q010,118,97,0.82,25.74
E1802M,E1802M120,225,184,0.82,26.09
E3501Q,E3501Q024,72,59,0.82,26.22
E2401P,E2401P015,205,168,0.82,26.85
E2401P,E2401P120,88,72,0.82,27.01
E4101B,E4101B018,117,96,0.82,27.06
E2401P,E2401P117,105,86,0.82,27.21
E2701Q,E2701Q038,38,31,0.82,27.87
H4101D,H4101D031,130,106,0.82,28.15
F8501R,F8501R055,110,90,0.82,28.54
F7401Q,F7401Q056,39,32,0.82,28.63
581,A5810063,61,50,0.82,28.78
I0201D,I0201D109,65,54,0.83,24
E3301M,E3301M004,282,233,0.83,24.15
E3101Q,E3101Q126,36,30,0.83,25
G8501R,G8501R018,319,266,0.83,25.14
E4001N,E4001N054,163,136,0.83,25.24
G8501R,G8501R016,343,286,0.83,26.03
E3901N,E3901N002,99,82,0.83,26.05
E3001Q,E3001Q052,41,34,0.83,26.12
F8204B,F8204B018,35,29,0.83,26.14
F5701R,F5701R030,126,105,0.83,26.39
E1801M,E1901R101,59,49,0.83,26.73
G8501R,G8501R011,326,271,0.83,26.86
I0102D,I0102D901,40,33,0.83,27.79
E0201Q,E0201Q072,163,136,0.83,28.03
F5701R,F5701R010,132,110,0.83,28.49
E3301M,E3301M145,108,90,0.83,28.76
F8501R,F8501R035,46,38,0.83,28.82
F0101R,F0101R010,35,29,0.83,28.83
581,A5810037,123,102,0.83,29.21
F8701N,F8701N039,54,45,0.83,29.91
E1803M,E1803M070,94,79,0.84,25.53
E2001R,E2001R028,44,37,0.84,25.81
I0201D,I0201D102,70,59,0.84,25.81
E3901N,E3901N008,95,80,0.84,26.18
F7702M,F7702M056,146,123,0.84,27.67
F7501Q,F7501Q036,44,37,0.84,27.68
E2401P,E2401P032,133,112,0.84,28.03
F5701R,F5701R019,89,75,0.84,28.32
F7701M,F7701M097,61,51,0.84,28.37
F8501R,F8501R016,37,31,0.84,28.42
F5701R,F5701R020,69,58,0.84,29.33
H4101D,H4101D030,120,101,0.84,29.38
F0101R,F0101R003,32,27,0.84,29.44
F8701N,F8701N036,48,41,0.85,
H4101D,H4101D011,158,135,0.85,
E3101Q,E3101Q128,196,167,0.85,23.62
E1501N,E1501N081,121,103,0.85,24.27
I0201D,I0201D103,67,57,0.85,24.89
E1803M,E1803M075,218,186,0.85,24.94
E1901R,E1901R007,475,403,0.85,25.48
E1501N,E1501N077,147,125,0.85,25.52
E4101B,E4101B022,79,67,0.85,25.58
F1601M,F1601M050,73,62,0.85,25.92
E3201Q,E3201Q082,34,29,0.85,26.24
E0201Q,E0201Q069,75,64,0.85,26.92
F1601M,F1601M054,82,70,0.85,26.97
E2004P,E2004P009,110,94,0.85,27.14
F8501R,F8501R057,54,46,0.85,27.65
F7701M,F7701M092,105,89,0.85,27.82
E1901R,E1901R086,101,86,0.85,27.88
E3901N,E3901N023,89,76,0.85,28.05
F7701M,F7701M098,143,122,0.85,28.21
E1501N,E1501N011,110,94,0.85,28.39
F9201P,F9201P201,40,34,0.85,28.68
G8501R,G8501R028,252,215,0.85,28.96
E2401P,E2401P103,408,352,0.86,25.13
E1601N,E1601N050,118,102,0.86,25.71
E2004P,E2004P005,123,106,0.86,25.78
F0901D,F0901D042,42,36,0.86,26.78
E1901R,E1901R078,616,530,0.86,26.82
E3101Q,E3101Q109,270,231,0.86,27.38
E1501N,E1501N082,189,162,0.86,27.66
F7701M,F7701M076,162,139,0.86,27.83
E1901R,E1901R081,297,254,0.86,28
E4101B,E4102B066,56,48,0.86,28.02
I0102D,I0102D905,35,30,0.86,28.3
I0102D,I0102D017,35,30,0.86,28.53
F0601Q,F0601Q049,44,38,0.86,28.79
581,A5810052,36,31,0.86,28.87
F5101P,F5101P126,244,210,0.86,29.18
F1801Q,F1801Q128,59,51,0.86,29.69
G8501R,G8501R008,302,262,0.87,
I0101D,I0101D003,329,285,0.87,22.97
E3501Q,E3501Q066,91,79,0.87,25.38
I0201D,I0201D111,62,54,0.87,25.48
E2001R,E2001R060,52,45,0.87,25.56
E1401A,E1401A033,45,39,0.87,25.82
E2401P,E2401P005,447,387,0.87,26.07
E1802M,E1802M121,226,196,0.87,26.56
E1802M,E1802M133,226,197,0.87,26.63
E3101Q,E3101Q123,189,164,0.87,26.73
F1601M,F1601M051,98,85,0.87,26.91
E1801M,E1801M035,316,275,0.87,27.09
F8501R,F8501R058,114,99,0.87,27.33
F6302N,F6302N015,46,40,0.87,28
G8501R,G8501R030,315,274,0.87,28.15
E2401P,E2401P030,93,81,0.87,28.38
F5104P,F5104P008,76,66,0.87,28.61
E1802M,E3301M146,31,27,0.87,28.67
F8204B,F8204B017,60,52,0.87,28.79
581,A5810076,38,33,0.87,28.88
I0102D,I0102D003,34,30,0.88,24.7
G8501R,G8501R009,302,265,0.88,25.72
E2401P,E2401P006,194,171,0.88,25.96
E3301M,E3301M160,32,28,0.88,26.11
E2702Q,E2702Q073,49,43,0.88,26.16
E1801M,E1801M045,198,174,0.88,26.17
F7601M,F7601M012,57,50,0.88,26.54
E2004P,E2004P037,68,60,0.88,26.62
E3401Q,E3401Q045,66,58,0.88,26.79
E1801M,E3301M140,40,35,0.88,26.91
E1901R,E1901R082,382,335,0.88,27.05
F8501R,F8501R015,60,53,0.88,27.11
G8501R,G8501R027,280,245,0.88,27.13
E2401P,E2401P019,166,146,0.88,27.26
E3101Q,E3101Q120,51,45,0.88,27.62
F0901D,F0901D041,32,28,0.88,27.71
E2001R,E2001R038,68,60,0.88,28.07
581,A5810109,43,38,0.88,28.08
F7601M,F7601M061,40,35,0.88,28.11
F7701M,F7701M044,42,37,0.88,28.68
E1802M,E1802M122,210,184,0.88,28.96
F5701R,F5701R004,115,101,0.88,29.17
H4101D,H4101D273,38,34,0.89,
I0201D,LING,36,32,0.89,
E4101B,E4101B016,83,74,0.89,25.53
E3301M,E3301M155,35,31,0.89,25.97
G8501R,G8501R029,281,251,0.89,26.38
E2702Q,E2702Q087,64,57,0.89,27
I0201D,I0201D116,56,50,0.89,27.2
E2401P,E2401P119,134,119,0.89,27.29
E2004P,E2004P003,120,107,0.89,27.65
E2401P,E2401P011,360,321,0.89,27.78
F5103P,F5103P076,76,68,0.89,27.9
F5101P,F5101P138,35,31,0.89,28.19
F7701M,F7701M095,37,33,0.89,28.67
F0101R,F0101R009,38,34,0.89,29.53
E3901N,E3901N022,73,66,0.9,
H4101D,H4101D069,31,28,0.9,
I0201D,I0201D108,60,54,0.9,21.54
E3501Q,E3501Q014,31,28,0.9,25.61
E1801M,E1801M044,217,196,0.9,26.3
E1501N,E1501N083,173,156,0.9,26.59
E2702Q,E2702Q058,58,52,0.9,26.62
E1803M,E3301M154,68,61,0.9,26.64
E1601N,E1601N017,139,125,0.9,26.76
E3201Q,E3201Q075,52,47,0.9,27.09
F7701M,F7701M102,156,140,0.9,27.13
E0201Q,E0201Q068,125,112,0.9,28.01
E2004P,E2004P040,39,35,0.9,28.17
F7702M,F7702M017,133,121,0.91,
E1601N,E1601N021,99,90,0.91,22.03
E3301M,E3301M191,227,206,0.91,25.23
E3301M,E3301M149,55,50,0.91,25.88
E1801M,E1801M043,281,256,0.91,25.89
E1801M,E1801M042,316,287,0.91,26.94
F1601M,F1601M052,103,94,0.91,26.98
I0102D,I0102D904,33,30,0.91,27.2
F5701R,F5701R001,35,32,0.91,29.56
G8501R,G8501R015,346,320,0.92,
H4101D,H4101D005,76,70,0.92,
E1901R,E1901R077,449,412,0.92,26.63
F0601Q,F0601Q054,37,34,0.92,27.44
F8501R,F8501R003,74,68,0.92,27.44
F6302N,F6302N002,96,88,0.92,27.94
F0802Q,F0802Q040,64,59,0.92,28.31
E3901N,E3901N037,72,66,0.92,28.35
F0901D,F0901D027,37,34,0.92,28.56
F7701M,F7701M096,78,72,0.92,28.61
F5104P,F5104P009,89,82,0.92,28.68
E1401A,E1401A088,73,67,0.92,29.55
F8203B,F8203B031,36,33,0.92,29.64
E1401A,E1401A070,86,80,0.93,
E1901R,E1901R095,500,464,0.93,
G8501R,G8501R022,341,317,0.93,
I0201D,I0201D119,56,52,0.93,26.1
E2401P,E2401P068,107,99,0.93,26.77
F7501Q,F7501Q037,61,57,0.93,26.84
E1901R,E1901R088,217,202,0.93,26.94
E3901N,E3901N034,69,64,0.93,27.14
F7702M,F7702M006,119,111,0.93,28.08
F7701M,F7701M094,54,50,0.93,28.88
F8701N,F8701N002,57,53,0.93,29.7
E1901R,E1901R096,501,472,0.94,
F5101P,F5101P129,35,33,0.94,
F5701R,F5701R024,121,114,0.94,
H4601D,H4601D068,31,29,0.94,
I0101D,I0101D101,70,66,0.94,
I0101D,I0101D117,80,75,0.94,
I0101D,I0101D118,115,108,0.94,
E3002Q,E3002Q037,48,45,0.94,25.93
E1301Q,E1301Q058,79,74,0.94,26.03
E0201Q,E0201Q047,176,166,0.94,26.55
E3002Q,E3002Q012,48,45,0.94,26.82
F1601M,F1601M066,66,62,0.94,28.16
F5103P,F5103P073,79,74,0.94,28.84
F1801Q,F1801Q115,36,34,0.94,29.32
F9201P,F9201P032,32,30,0.94,29.8
F8501R,F8501R033,170,162,0.95,
G8501R,G8501R025,313,296,0.95,
G8501R,G8501R034,307,291,0.95,
H4101D,H4101D243,39,37,0.95,
H4101D,H4101D280,44,42,0.95,
I0101D,I0101D103,136,129,0.95,
I0101D,I0101D111,81,77,0.95,
I0101D,I0101D119,60,57,0.95,
I0101D,I0101D120,40,38,0.95,
E3901N,E3901N018,78,74,0.95,25.54
E1501N,E1501N072,186,176,0.95,26.12
E1802M,E1801M043,37,35,0.95,26.2
E1901R,E1901R091,287,274,0.95,27.75
F1801Q,F1801Q127,79,75,0.95,27.96
F7702M,F7702M059,122,116,0.95,28.35
I0201D,I0201D107,61,58,0.95,28.78
H4101D,H4101D028,117,111,0.95,29.29
F6302N,F6302N023,41,39,0.95,29.38
E2401P,E2401P040,251,242,0.96,
E3901N,E3901N020,98,94,0.96,
H4101D,H4101D015,148,142,0.96,
H4101D,H4101D067,50,48,0.96,
H4101D,H4101D205,140,135,0.96,
I0101D,I0101D109,80,77,0.96,
I0101D,I0101D116,109,105,0.96,
E4001N,E4001N045,110,106,0.96,24.93
E3201Q,E3201Q088,52,50,0.96,25.42
E3901N,E3901N007,72,69,0.96,25.81
E3201Q,E3201Q090,74,71,0.96,26.38
E1301Q,E1301Q070,108,104,0.96,26.41
E2401P,E2401P064,71,68,0.96,27.93
F8701N,F8701N045,47,45,0.96,28.38
F1801Q,F1801Q130,96,92,0.96,28.45
F1801Q,F1801Q137,51,49,0.96,29.59
F5102P,F5102P011,97,94,0.97,
H4101D,H4101D057,34,33,0.97,
H4101D,H4101D087,31,30,0.97,
H4101D,H4101D203,147,142,0.97,
I0101D,I0101D024,217,210,0.97,
I0101D,I0101D110,101,98,0.97,
I0101D,I0101D112,79,77,0.97,
I0101D,I0101D125,38,37,0.97,
E3101Q,E3101Q106,237,229,0.97,25.15
F1601M,F1601M057,37,36,0.97,25.92
E3301M,E3301M141,66,64,0.97,26.09
E4101B,E4101B021,39,38,0.97,26.55
I0101D,I0101D902,244,236,0.97,26.59
E1802M,E1801M042,38,37,0.97,26.86
I0201D,I0201D105,61,59,0.97,27.46
F6302N,F6302N017,86,83,0.97,27.73
I0101D,I0101D904,208,201,0.97,28.27
E2004P,E2004P027,59,57,0.97,28.47
E2401P,E2401P031,203,197,0.97,28.57
F8701N,F8701N010,39,38,0.97,28.95
F5102P,F5102P095,37,36,0.97,30
E3401Q,E3401Q033,88,86,0.98,
G8501R,G8501R035,251,245,0.98,
H4101D,H4101D041,115,113,0.98,
I0101D,I0101D107,128,126,0.98,
I0201D,I0201D113,54,53,0.98,
E3101Q,E3101Q115,48,47,0.98,23.96
I0201D,I0201D118,53,52,0.98,25.46
F6302N,F6302N009,59,58,0.98,26.43
E2702Q,E2702Q094,63,62,0.98,26.45
F6302N,F6302N010,58,57,0.98,27.4
E2401P,E2401P116,50,49,0.98,28.08
F4901N,F4901N073,45,44,0.98,28.23
E1301Q,E1301Q035,114,112,0.98,28.36
F8701N,F8701N014,40,39,0.98,29.08
581,A5810112,129,128,0.99,
E1401A,E1401A071,76,75,0.99,
E1401A,E1401A072,184,183,0.99,
E2401P,E2401P039,271,267,0.99,
F5101P,F5101P109,77,76,0.99,
G8501R,G8501R031,272,268,0.99,
G8501R,G8501R033,316,314,0.99,
I0101D,I0101D115,112,111,0.99,
E1501N,E1501N002,114,113,0.99,23.35
E1301Q,E1301Q056,80,79,0.99,26.04
E1601N,E1601N044,110,109,0.99,26.44
E3901N,E3901N001,82,81,0.99,26.51
F6302N,F6302N016,74,73,0.99,26.67
F5103P,F5103P006,67,66,0.99,26.88
I0101D,I0101D903,215,212,0.99,26.95
F6302N,F6302N008,71,70,0.99,27.57
E0201Q,E0201Q048,160,158,0.99,27.65
E3901N,E3901N017,74,73,0.99,27.73
F5102P,F5102P007,99,98,0.99,28.96
581,A5810111,179,179,1,
581,A5810113,254,253,1,
E1901R,E1901R098,462,462,1,
E2004P,E2004P024,74,74,1,
E2401P,E2401P038,137,137,1,
E2401P,E2401P049,155,155,1,
E2401P,E2401P050,32,32,1,
E2401P,E2401P052,191,191,1,
E2401P,E2401P053,76,76,1,
E2401P,E2401P104,53,53,1,
E2401P,E2401P105,70,70,1,
E2401P,E2401P110,53,53,1,
E2401P,E2401P111,35,35,1,
E2401P,E2401P112,32,32,1,
E2401P,E2401P114,127,127,1,
F0901D,F0901D054,34,34,1,
F5101P,F5101P039,41,41,1,
F5101P,F5101P108,64,64,1,
F5101P,F5101P130,70,70,1,
F5101P,F5101P131,40,40,1,
F5101P,F5101P132,55,55,1,
F5101P,F5101P144,39,39,1,
F5103P,F5103P041,48,48,1,
F5103P,F5103P048,54,54,1,
F5103P,F5103P060,68,68,1,
G8501R,G8501R020,290,289,1,
G8501R,G8501R032,327,326,1,
H4101D,H4101D056,57,57,1,
H4101D,H4101D096,31,31,1,
H4101D,H4101D204,135,135,1,
H4101D,H4101D281,31,31,1,
H4101D,H4101D296,32,32,1,
I0101D,I0101D021,253,253,1,
I0101D,I0101D022,226,226,1,
I0101D,I0101D023,227,227,1,
I0101D,I0101D102,62,62,1,
I0101D,I0101D106,36,36,1,
I0101D,I0101D122,70,70,1,
I0101D,I0101D123,57,57,1,
I0101D,I0101D126,49,49,1,
I0102D,I0102D021,34,34,1,
I0102D,I0102D024,31,31,1,
I0102D,I0102D122,36,36,1,
I0201D,I0201D013,53,53,1,
I0201D,I0201D106,56,56,1,
I0301D,I0301D026,31,31,1,
E4001N,E4001N011,54,54,1,22.78
E4001N,E4001N058,91,91,1,23.53
E3901N,E3901N010,69,69,1,23.77
E1501N,E1501N078,149,149,1,24.03
E4001N,E4001N065,54,54,1,24.52
E4001N,E4001N048,78,78,1,24.67
E1601N,E1601N001,166,166,1,24.72
E1601N,E1601N040,184,184,1,24.84
E1501N,E1501N009,130,130,1,24.85
E4001N,E4001N066,106,106,1,25.06
E4001N,E4001N046,190,190,1,25.13
E3901N,E3901N032,58,58,1,25.16
E1601N,E1601N055,78,78,1,25.22
E1601N,E1601N054,62,62,1,25.37
F8701N,F8701N001,41,41,1,25.51
E4001N,E4001N067,151,151,1,25.69
E1601N,E1601N034,76,76,1,25.74
E2001R,E4001N067,44,44,1,25.84
F8801N,F8801N037,32,32,1,25.88
E3901N,E3901N005,87,87,1,25.99
E3101Q,E3101Q111,234,233,1,26.21
E2004P,E2004P036,101,101,1,26.26
E3101Q,E3101Q105,281,281,1,26.61
E1801M,E1601N033,36,36,1,26.86
F4901N,F4901N072,39,39,1,27.1
E1601N,E1601N033,103,103,1,27.26
E3901N,E3901N035,74,74,1,27.34
E3201Q,E3201Q083,45,45,1,27.36
F6302N,F6302N005,67,67,1,28.22
I0102D,I0102D111,32,32,1,28.31
I0201D,I0201D114,54,54,1,28.37
F8204B,F8204B026,33,33,1,28.42
I0201D,I0201D120,52,52,1,28.81
G8501R,G8501R038,190,190,1,29.08
E4101B,E4101B026,41,41,1,29.12
H4101D,H4101D026,117,117,1,29.39
